ID,Label
0.jpg,66
1.jpg,43
2.jpg,38
3.jpg,62
4.jpg,42
5.jpg,89
6.jpg,3
7.jpg,49
8.jpg,62
9.jpg,66
10.jpg,79
11.jpg,90
12.jpg,76
13.jpg,73
14.jpg,35
15.jpg,23
16.jpg,91
17.jpg,81
18.jpg,12
19.jpg,27
20.jpg,77
21.jpg,8
22.jpg,68
23.jpg,87
24.jpg,32
25.jpg,97
26.jpg,72
27.jpg,20
28.jpg,39
29.jpg,33
30.jpg,73
31.jpg,40
32.jpg,44
33.jpg,83
34.jpg,23
35.jpg,24
36.jpg,71
37.jpg,91
38.jpg,51
39.jpg,94
40.jpg,94
41.jpg,73
42.jpg,1
43.jpg,9
44.jpg,90
45.jpg,96
46.jpg,96
47.jpg,66
48.jpg,22
49.jpg,0
50.jpg,83
51.jpg,6
52.jpg,41
53.jpg,81
54.jpg,29
55.jpg,16
56.jpg,97
57.jpg,71
58.jpg,53
59.jpg,42
60.jpg,41
61.jpg,81
62.jpg,60
63.jpg,85
64.jpg,41
65.jpg,8
66.jpg,43
67.jpg,11
68.jpg,91
69.jpg,59
70.jpg,73
71.jpg,68
72.jpg,18
73.jpg,12
74.jpg,69
75.jpg,46
76.jpg,22
77.jpg,47
78.jpg,58
79.jpg,0
80.jpg,49
81.jpg,43
82.jpg,88
83.jpg,20
84.jpg,99
85.jpg,99
86.jpg,93
87.jpg,48
88.jpg,92
89.jpg,12
90.jpg,44
91.jpg,34
92.jpg,42
93.jpg,22
94.jpg,42
95.jpg,24
96.jpg,23
97.jpg,61
98.jpg,85
99.jpg,14
100.jpg,38
101.jpg,61
102.jpg,95
103.jpg,44
104.jpg,0
105.jpg,10
106.jpg,62
107.jpg,0
108.jpg,72
109.jpg,87
110.jpg,67
111.jpg,23
112.jpg,31
113.jpg,63
114.jpg,73
115.jpg,65
116.jpg,1
117.jpg,58
118.jpg,0
119.jpg,32
120.jpg,58
121.jpg,70
122.jpg,0
123.jpg,64
124.jpg,64
125.jpg,82
126.jpg,72
127.jpg,41
128.jpg,19
129.jpg,59
130.jpg,88
131.jpg,35
132.jpg,45
133.jpg,97
134.jpg,92
135.jpg,45
136.jpg,99
137.jpg,87
138.jpg,40
139.jpg,83
140.jpg,56
141.jpg,94
142.jpg,22
143.jpg,79
144.jpg,79
145.jpg,93
146.jpg,20
147.jpg,75
148.jpg,35
149.jpg,35
150.jpg,7
151.jpg,64
152.jpg,68
153.jpg,15
154.jpg,93
155.jpg,39
156.jpg,78
157.jpg,58
158.jpg,62
159.jpg,7
160.jpg,0
161.jpg,53
162.jpg,18
163.jpg,46
164.jpg,88
165.jpg,88
166.jpg,14
167.jpg,31
168.jpg,26
169.jpg,67
170.jpg,89
171.jpg,13
172.jpg,50
173.jpg,69
174.jpg,1
175.jpg,71
176.jpg,62
177.jpg,0
178.jpg,16
179.jpg,93
180.jpg,76
181.jpg,88
182.jpg,63
183.jpg,23
184.jpg,95
185.jpg,24
186.jpg,36
187.jpg,41
188.jpg,79
189.jpg,59
190.jpg,35
191.jpg,88
192.jpg,37
193.jpg,26
194.jpg,85
195.jpg,32
196.jpg,93
197.jpg,68
198.jpg,47
199.jpg,69
200.jpg,93
201.jpg,26
202.jpg,38
203.jpg,93
204.jpg,96
205.jpg,79
206.jpg,53
207.jpg,0
208.jpg,7
209.jpg,1
210.jpg,66
211.jpg,54
212.jpg,75
213.jpg,1
214.jpg,38
215.jpg,13
216.jpg,8
217.jpg,1
218.jpg,52
219.jpg,29
220.jpg,60
221.jpg,14
222.jpg,49
223.jpg,19
224.jpg,67
225.jpg,81
226.jpg,27
227.jpg,37
228.jpg,20
229.jpg,84
230.jpg,97
231.jpg,88
232.jpg,91
233.jpg,84
234.jpg,23
235.jpg,99
236.jpg,12
237.jpg,38
238.jpg,97
239.jpg,59
240.jpg,9
241.jpg,0
242.jpg,19
243.jpg,67
244.jpg,33
245.jpg,19
246.jpg,88
247.jpg,94
248.jpg,0
249.jpg,81
250.jpg,54
251.jpg,38
252.jpg,4
253.jpg,71
254.jpg,76
255.jpg,51
256.jpg,63
257.jpg,10
258.jpg,17
259.jpg,33
260.jpg,96
261.jpg,47
262.jpg,76
263.jpg,94
264.jpg,43
265.jpg,78
266.jpg,53
267.jpg,36
268.jpg,69
269.jpg,18
270.jpg,22
271.jpg,99
272.jpg,75
273.jpg,15
274.jpg,97
275.jpg,35
276.jpg,62
277.jpg,17
278.jpg,4
279.jpg,46
280.jpg,95
281.jpg,19
282.jpg,81
283.jpg,55
284.jpg,44
285.jpg,79
286.jpg,61
287.jpg,88
288.jpg,79
289.jpg,31
290.jpg,47
291.jpg,47
292.jpg,99
293.jpg,49
294.jpg,71
295.jpg,76
296.jpg,96
297.jpg,34
298.jpg,30
299.jpg,19
300.jpg,52
301.jpg,40
302.jpg,71
303.jpg,33
304.jpg,83
305.jpg,43
306.jpg,90
307.jpg,48
308.jpg,98
309.jpg,20
310.jpg,22
311.jpg,0
312.jpg,56
313.jpg,96
314.jpg,62
315.jpg,60
316.jpg,55
317.jpg,76
318.jpg,15
319.jpg,16
320.jpg,49
321.jpg,43
322.jpg,38
323.jpg,88
324.jpg,28
325.jpg,27
326.jpg,57
327.jpg,56
328.jpg,35
329.jpg,83
330.jpg,61
331.jpg,48
332.jpg,62
333.jpg,25
334.jpg,43
335.jpg,13
336.jpg,58
337.jpg,85
338.jpg,46
339.jpg,76
340.jpg,99
341.jpg,49
342.jpg,34
343.jpg,88
344.jpg,73
345.jpg,92
346.jpg,83
347.jpg,25
348.jpg,47
349.jpg,46
350.jpg,99
351.jpg,44
352.jpg,3
353.jpg,16
354.jpg,13
355.jpg,49
356.jpg,66
357.jpg,66
358.jpg,16
359.jpg,6
360.jpg,62
361.jpg,42
362.jpg,16
363.jpg,44
364.jpg,18
365.jpg,0
366.jpg,77
367.jpg,59
368.jpg,35
369.jpg,49
370.jpg,89
371.jpg,10
372.jpg,41
373.jpg,12
374.jpg,55
375.jpg,46
376.jpg,14
377.jpg,56
378.jpg,59
379.jpg,58
380.jpg,51
381.jpg,69
382.jpg,65
383.jpg,56
384.jpg,48
385.jpg,73
386.jpg,92
387.jpg,11
388.jpg,59
389.jpg,84
390.jpg,52
391.jpg,18
392.jpg,52
393.jpg,97
394.jpg,32
395.jpg,45
396.jpg,38
397.jpg,82
398.jpg,4
399.jpg,11
400.jpg,96
401.jpg,2
402.jpg,62
403.jpg,17
404.jpg,27
405.jpg,76
406.jpg,1
407.jpg,15
408.jpg,36
409.jpg,76
410.jpg,9
411.jpg,40
412.jpg,0
413.jpg,70
414.jpg,11
415.jpg,96
416.jpg,97
417.jpg,71
418.jpg,14
419.jpg,97
420.jpg,51
421.jpg,52
422.jpg,53
423.jpg,81
424.jpg,59
425.jpg,97
426.jpg,24
427.jpg,85
428.jpg,8
429.jpg,66
430.jpg,15
431.jpg,65
432.jpg,60
433.jpg,2
434.jpg,34
435.jpg,25
436.jpg,3
437.jpg,67
438.jpg,22
439.jpg,94
440.jpg,54
441.jpg,68
442.jpg,20
443.jpg,79
444.jpg,81
445.jpg,63
446.jpg,76
447.jpg,75
448.jpg,49
449.jpg,63
450.jpg,32
451.jpg,58
452.jpg,7
453.jpg,30
454.jpg,47
455.jpg,76
456.jpg,59
457.jpg,52
458.jpg,62
459.jpg,39
460.jpg,60
461.jpg,73
462.jpg,93
463.jpg,52
464.jpg,85
465.jpg,38
466.jpg,24
467.jpg,99
468.jpg,49
469.jpg,93
470.jpg,99
471.jpg,0
472.jpg,61
473.jpg,60
474.jpg,35
475.jpg,44
476.jpg,0
477.jpg,72
478.jpg,13
479.jpg,22
480.jpg,41
481.jpg,21
482.jpg,55
483.jpg,49
484.jpg,61
485.jpg,91
486.jpg,13
487.jpg,79
488.jpg,99
489.jpg,64
490.jpg,74
491.jpg,65
492.jpg,81
493.jpg,63
494.jpg,88
495.jpg,49
496.jpg,93
497.jpg,97
498.jpg,68
499.jpg,48
500.jpg,97
501.jpg,52
502.jpg,66
503.jpg,0
504.jpg,38
505.jpg,89
506.jpg,8
507.jpg,17
508.jpg,36
509.jpg,8
510.jpg,74
511.jpg,0
512.jpg,68
513.jpg,65
514.jpg,79
515.jpg,65
516.jpg,16
517.jpg,20
518.jpg,34
519.jpg,49
520.jpg,97
521.jpg,19
522.jpg,17
523.jpg,2
524.jpg,91
525.jpg,76
526.jpg,7
527.jpg,71
528.jpg,73
529.jpg,71
530.jpg,15
531.jpg,14
532.jpg,84
533.jpg,88
534.jpg,56
535.jpg,3
536.jpg,69
537.jpg,91
538.jpg,26
539.jpg,0
540.jpg,56
541.jpg,88
542.jpg,10
543.jpg,88
544.jpg,43
545.jpg,33
546.jpg,1
547.jpg,15
548.jpg,20
549.jpg,44
550.jpg,33
551.jpg,20
552.jpg,99
553.jpg,96
554.jpg,43
555.jpg,84
556.jpg,41
557.jpg,79
558.jpg,78
559.jpg,43
560.jpg,37
561.jpg,40
562.jpg,31
563.jpg,19
564.jpg,65
565.jpg,45
566.jpg,91
567.jpg,29
568.jpg,32
569.jpg,76
570.jpg,14
571.jpg,18
572.jpg,38
573.jpg,18
574.jpg,90
575.jpg,8
576.jpg,66
577.jpg,99
578.jpg,26
579.jpg,66
580.jpg,89
581.jpg,42
582.jpg,3
583.jpg,88
584.jpg,43
585.jpg,18
586.jpg,34
587.jpg,45
588.jpg,39
589.jpg,70
590.jpg,12
591.jpg,68
592.jpg,40
593.jpg,40
594.jpg,63
595.jpg,3
596.jpg,95
597.jpg,15
598.jpg,88
599.jpg,49
600.jpg,79
601.jpg,94
602.jpg,6
603.jpg,60
604.jpg,85
605.jpg,85
606.jpg,76
607.jpg,33
608.jpg,83
609.jpg,88
610.jpg,77
611.jpg,90
612.jpg,65
613.jpg,47
614.jpg,63
615.jpg,54
616.jpg,5
617.jpg,85
618.jpg,85
619.jpg,19
620.jpg,34
621.jpg,43
622.jpg,31
623.jpg,82
624.jpg,82
625.jpg,90
626.jpg,70
627.jpg,40
628.jpg,63
629.jpg,12
630.jpg,64
631.jpg,89
632.jpg,34
633.jpg,47
634.jpg,24
635.jpg,96
636.jpg,78
637.jpg,77
638.jpg,25
639.jpg,63
640.jpg,23
641.jpg,29
642.jpg,24
643.jpg,77
644.jpg,1
645.jpg,46
646.jpg,73
647.jpg,0
648.jpg,68
649.jpg,40
650.jpg,96
651.jpg,33
652.jpg,48
653.jpg,96
654.jpg,91
655.jpg,91
656.jpg,20
657.jpg,77
658.jpg,62
659.jpg,18
660.jpg,96
661.jpg,29
662.jpg,15
663.jpg,45
664.jpg,97
665.jpg,25
666.jpg,31
667.jpg,21
668.jpg,28
669.jpg,38
670.jpg,84
671.jpg,15
672.jpg,23
673.jpg,19
674.jpg,30
675.jpg,47
676.jpg,69
677.jpg,20
678.jpg,1
679.jpg,63
680.jpg,3
681.jpg,1
682.jpg,31
683.jpg,75
684.jpg,61
685.jpg,78
686.jpg,89
687.jpg,19
688.jpg,81
689.jpg,69
690.jpg,38
691.jpg,33
692.jpg,71
693.jpg,89
694.jpg,37
695.jpg,22
696.jpg,81
697.jpg,75
698.jpg,16
699.jpg,90
700.jpg,22
701.jpg,25
702.jpg,48
703.jpg,22
704.jpg,64
705.jpg,49
706.jpg,64
707.jpg,55
708.jpg,83
709.jpg,94
710.jpg,36
711.jpg,46
712.jpg,66
713.jpg,39
714.jpg,37
715.jpg,91
716.jpg,72
717.jpg,35
718.jpg,57
719.jpg,84
720.jpg,75
721.jpg,36
722.jpg,35
723.jpg,79
724.jpg,54
725.jpg,21
726.jpg,77
727.jpg,73
728.jpg,83
729.jpg,7
730.jpg,60
731.jpg,26
732.jpg,21
733.jpg,92
734.jpg,65
735.jpg,94
736.jpg,44
737.jpg,79
738.jpg,55
739.jpg,20
740.jpg,52
741.jpg,69
742.jpg,66
743.jpg,99
744.jpg,67
745.jpg,32
746.jpg,82
747.jpg,84
748.jpg,88
749.jpg,93
750.jpg,27
751.jpg,73
752.jpg,69
753.jpg,18
754.jpg,92
755.jpg,28
756.jpg,18
757.jpg,38
758.jpg,81
759.jpg,0
760.jpg,28
761.jpg,65
762.jpg,56
763.jpg,82
764.jpg,17
765.jpg,50
766.jpg,78
767.jpg,10
768.jpg,53
769.jpg,95
770.jpg,91
771.jpg,52
772.jpg,8
773.jpg,64
774.jpg,24
775.jpg,77
776.jpg,23
777.jpg,22
778.jpg,65
779.jpg,67
780.jpg,67
781.jpg,20
782.jpg,40
783.jpg,59
784.jpg,19
785.jpg,20
786.jpg,91
787.jpg,32
788.jpg,79
789.jpg,80
790.jpg,58
791.jpg,25
792.jpg,68
793.jpg,53
794.jpg,76
795.jpg,14
796.jpg,45
797.jpg,0
798.jpg,92
799.jpg,51
800.jpg,0
801.jpg,30
802.jpg,36
803.jpg,0
804.jpg,23
805.jpg,34
806.jpg,42
807.jpg,38
808.jpg,8
809.jpg,82
810.jpg,65
811.jpg,23
812.jpg,14
813.jpg,69
814.jpg,23
815.jpg,72
816.jpg,13
817.jpg,17
818.jpg,65
819.jpg,93
820.jpg,92
821.jpg,45
822.jpg,32
823.jpg,55
824.jpg,70
825.jpg,96
826.jpg,33
827.jpg,17
828.jpg,69
829.jpg,49
830.jpg,49
831.jpg,65
832.jpg,17
833.jpg,67
834.jpg,67
835.jpg,24
836.jpg,93
837.jpg,99
838.jpg,49
839.jpg,12
840.jpg,75
841.jpg,57
842.jpg,34
843.jpg,34
844.jpg,24
845.jpg,23
846.jpg,54
847.jpg,72
848.jpg,26
849.jpg,81
850.jpg,26
851.jpg,60
852.jpg,60
853.jpg,66
854.jpg,0
855.jpg,84
856.jpg,87
857.jpg,49
858.jpg,26
859.jpg,12
860.jpg,65
861.jpg,72
862.jpg,48
863.jpg,99
864.jpg,21
865.jpg,90
866.jpg,0
867.jpg,41
868.jpg,7
869.jpg,90
870.jpg,60
871.jpg,40
872.jpg,42
873.jpg,89
874.jpg,91
875.jpg,69
876.jpg,97
877.jpg,22
878.jpg,1
879.jpg,3
880.jpg,7
881.jpg,67
882.jpg,0
883.jpg,52
884.jpg,17
885.jpg,97
886.jpg,25
887.jpg,93
888.jpg,35
889.jpg,85
890.jpg,96
891.jpg,67
892.jpg,12
893.jpg,67
894.jpg,1
895.jpg,55
896.jpg,60
897.jpg,81
898.jpg,66
899.jpg,12
900.jpg,5
901.jpg,64
902.jpg,83
903.jpg,13
904.jpg,34
905.jpg,49
906.jpg,4
907.jpg,61
908.jpg,79
909.jpg,22
910.jpg,43
911.jpg,74
912.jpg,81
913.jpg,27
914.jpg,39
915.jpg,73
916.jpg,45
917.jpg,78
918.jpg,87
919.jpg,72
920.jpg,14
921.jpg,96
922.jpg,40
923.jpg,15
924.jpg,39
925.jpg,53
926.jpg,40
927.jpg,99
928.jpg,63
929.jpg,0
930.jpg,18
931.jpg,94
932.jpg,99
933.jpg,20
934.jpg,42
935.jpg,14
936.jpg,10
937.jpg,32
938.jpg,76
939.jpg,0
940.jpg,35
941.jpg,71
942.jpg,58
943.jpg,68
944.jpg,18
945.jpg,89
946.jpg,73
947.jpg,34
948.jpg,77
949.jpg,0
950.jpg,92
951.jpg,95
952.jpg,48
953.jpg,14
954.jpg,93
955.jpg,41
956.jpg,6
957.jpg,62
958.jpg,7
959.jpg,68
960.jpg,84
961.jpg,46
962.jpg,84
963.jpg,15
964.jpg,46
965.jpg,73
966.jpg,39
967.jpg,81
968.jpg,19
969.jpg,28
970.jpg,74
971.jpg,67
972.jpg,97
973.jpg,56
974.jpg,43
975.jpg,2
976.jpg,81
977.jpg,91
978.jpg,68
979.jpg,42
980.jpg,88
981.jpg,44
982.jpg,93
983.jpg,56
984.jpg,49
985.jpg,38
986.jpg,59
987.jpg,31
988.jpg,62
989.jpg,28
990.jpg,30
991.jpg,72
992.jpg,22
993.jpg,56
994.jpg,55
995.jpg,68
996.jpg,66
997.jpg,91
998.jpg,84
999.jpg,60
1000.jpg,31
1001.jpg,93
1002.jpg,63
1003.jpg,68
1004.jpg,78
1005.jpg,66
1006.jpg,95
1007.jpg,38
1008.jpg,81
1009.jpg,77
1010.jpg,7
1011.jpg,81
1012.jpg,76
1013.jpg,88
1014.jpg,11
1015.jpg,49
1016.jpg,19
1017.jpg,49
1018.jpg,10
1019.jpg,17
1020.jpg,93
1021.jpg,96
1022.jpg,0
1023.jpg,99
1024.jpg,48
1025.jpg,35
1026.jpg,60
1027.jpg,88
1028.jpg,65
1029.jpg,37
1030.jpg,62
1031.jpg,31
1032.jpg,4
1033.jpg,12
1034.jpg,93
1035.jpg,59
